{
  "employees": [
    {
      "id": "1",
      "name": "Karen",
      "locations": ["Chicago", "New York", "Austin"],
      "title": "Sales Engineer"
    },
    {
      "id": "2",
      "name": "Albert",
      "locations": ["New York"],
      "title": "Developer"
    },
    {
      "id": "3",
      "name": "Dusty",
      "locations": ["New York"],
      "title": "Designer"
    },
    {
      "id": "4",
      "name": "Bob",
      "locations": ["Chicago"],
      "title": "President"
    },
    {
      "id": "5",
      "name": "Nancy",
      "locations": ["New York"],
      "title": "Senior Developer"
    },
    {
      "id": "6",
      "name": "Umi",
      "locations": ["Austin", "New York"],
      "title": "Chief Marketing Officer"
    },
    {
      "id": "7",
      "name": "Doug",
      "locations": ["Chicago"],
      "title": "Chief Marketing Officer"
    }
  ]
}
